[
  {
    "transaction_date": "2019-07-09",
    "acquirer_reference_number": "76504009197320111141062",
    "acquirer_bin_ica": "650400",
    "merchant_name": "WILSON LODGE            ",
    "masked_card_number": "601194xxxxxx0001",
    "card_brand_respond_due_date": "2019-09-16",
    "dispute_reason_code": "AW  ",
    "authorization_code": "00968R",
    "card_brand_code": "DI",
    "global_token": "5965K53701430142",
    "case_number": "3921800014",
    "case_stage_id": "20193",
    "issuer_bin_ica": "601194",
    "case_received_date": "2019-08-02",
    "dispute_amount": "231.75",
    "dispute_stage_name": "Chargeback"
  },
  {
    "transaction_date": "2019-07-09",
    "acquirer_reference_number": "76504009197320111141575",
    "acquirer_bin_ica": "650400",
    "merchant_name": "PARKVIEW CAFE           ",
    "masked_card_number": "653950xxxxxx1236",
    "card_brand_respond_due_date": "2019-09-01",
    "dispute_reason_code": "03  ",
    "authorization_code": "629156",
    "card_brand_code": "DI",
    "global_token": "7946K72879769365",
    "case_number": "3921800015",
    "case_stage_id": "20194",
    "issuer_bin_ica": "653950",
    "case_received_date": "2019-08-02",
    "dispute_amount": "3.32",
    "dispute_stage_name": "Retrieval Request"
  },
  {
    "transaction_date": "2019-07-09",
    "acquirer_reference_number": "76504009197320111140817",
    "acquirer_bin_ica": "650400",
    "merchant_name": "COCOLAMUS CREEK DISPOS  ",
    "masked_card_number": "601109xxxxxx1245",
    "dispute_reason_code": "RG",
    "merchant_region_code": "AP",
    "merchant_number": "88016217400",
    "authorization_code": "00926R",
    "card_brand_code": "DI",
    "global_token": "3804K10935132859",
    "case_number": "3921800016",
    "case_stage_id": "22641",
    "issuer_bin_ica": "601109",
    "dispute_amount": "58.50",
    "dispute_stage_name": "Chargeback"
  },
  {
    "transaction_date": "2019-07-09",
    "acquirer_reference_number": "76504009197320111141807",
    "acquirer_bin_ica": "650400",
    "merchant_name": "BAHA\u0027I DISTRIBUTION SV  ",
    "masked_card_number": "601130xxxxxx1248",
    "card_brand_respond_due_date": "2019-09-01",
    "dispute_reason_code": "01  ",
    "merchant_region_code": "AP",
    "authorization_code": "00894P",
    "card_brand_code": "DI",
    "global_token": "5940K20854668458",
    "case_number": "3921800017",
    "case_stage_id": "20196",
    "issuer_bin_ica": "601130",
    "case_received_date": "2019-08-02",
    "dispute_amount": "34.40",
    "dispute_stage_name": "Retrieval Request"
  },
  {
    "transaction_date": "2019-07-09",
    "acquirer_reference_number": "76504009197320111140833",
    "acquirer_bin_ica": "650400",
    "merchant_name": "COCOLAMUS CREEK DISPOS  ",
    "masked_card_number": "601174xxxxxx1245",
    "card_brand_respond_due_date": "2019-09-01",
    "dispute_reason_code": "01  ",
    "authorization_code": "00919P",
    "card_brand_code": "DI",
    "global_token": "7412K94134138052",
    "case_number": "3921800018",
    "case_stage_id": "20197",
    "issuer_bin_ica": "601174",
    "case_received_date": "2019-08-02",
    "dispute_amount": "57.75",
    "dispute_stage_name": "Retrieval Request"
  },
  {
    "transaction_date": "2019-07-09",
    "acquirer_reference_number": "76504009197320111140817",
    "acquirer_bin_ica": "650400",
    "merchant_name": "COCOLAMUS CREEK DISPOS  ",
    "masked_card_number": "601109xxxxxx1245",
    "card_brand_respond_due_date": "2019-09-16",
    "dispute_reason_code": "CD  ",
    "merchant_region_code": "US",
    "merchant_number": "88012783201",
    "authorization_code": "00926R",
    "card_brand_code": "DI",
    "global_token": "8943K42791028939",
    "case_number": "3921900001",
    "case_stage_id": "20201",
    "issuer_bin_ica": "601109",
    "case_received_date": "2019-08-02",
    "dispute_amount": "58.50",
    "dispute_stage_name": "Chargeback"
  },
  {
    "transaction_date": "2019-07-09",
    "acquirer_reference_number": "76504009197320111140833",
    "acquirer_bin_ica": "650400",
    "merchant_name": "COCOLAMUS CREEK DISPOS  ",
    "masked_card_number": "601174xxxxxx1245",
    "dispute_reason_code": "01  ",
    "merchant_region_code": "US",
    "merchant_number": "88012783201",
    "authorization_code": "00919P",
    "card_brand_code": "DI",
    "global_token": "8780K43460789409",
    "case_number": "3922000001",
    "case_stage_id": "20235",
    "issuer_bin_ica": "601174",
    "dispute_amount": "57.75",
    "dispute_stage_name": "Chargeback"
  },
  {
    "transaction_date": "2019-07-09",
    "acquirer_reference_number": "76504009197320111141807",
    "acquirer_bin_ica": "650400",
    "merchant_name": "BAHA\u0027I DISTRIBUTION SV  ",
    "masked_card_number": "601130xxxxxx1248",
    "dispute_reason_code": "01  ",
    "merchant_region_code": "AP",
    "merchant_number": "88014358800",
    "authorization_code": "00894P",
    "card_brand_code": "DI",
    "global_token": "8676K79810826345",
    "case_number": "3922000002",
    "case_stage_id": "20236",
    "issuer_bin_ica": "601130",
    "dispute_amount": "34.40",
    "dispute_stage_name": "Chargeback"
  },
  {
    "transaction_date": "2019-07-09",
    "acquirer_reference_number": "76504009197320111141062",
    "acquirer_bin_ica": "650400",
    "merchant_name": "WILSON LODGE            ",
    "masked_card_number": "601194xxxxxx0001",
    "dispute_reason_code": "AW  ",
    "merchant_region_code": "AP",
    "merchant_number": "88006945800",
    "authorization_code": "00968R",
    "card_brand_code": "DI",
    "global_token": "7612K98199303216",
    "case_number": "3922000003",
    "case_stage_id": "20238",
    "issuer_bin_ica": "601194",
    "dispute_amount": "231.75",
    "dispute_stage_name": "Chargeback"
  },
  {
    "transaction_date": "2019-07-09",
    "acquirer_reference_number": "76504009198320111141061",
    "acquirer_bin_ica": "650400",
    "merchant_name": "BAHA\u0027I DISTRIBUTION SV  ",
    "masked_card_number": "601130xxxxxx1248",
    "card_brand_respond_due_date": "2019-09-10",
    "dispute_reason_code": "03  ",
    "authorization_code": "00894P",
    "card_brand_code": "DI",
    "global_token": "8676K79810826345",
    "case_number": "3922300002",
    "case_stage_id": "42036",
    "issuer_bin_ica": "601130",
    "case_received_date": "2019-08-11",
    "dispute_amount": "34.40",
    "dispute_stage_name": "Retrieval Request"
  }
]