[
  {
    "currency_exponent": "2",
    "wwmaster_transaction_sk": "4bf90d10-0f3f-11e9-8173-63b8e3e4c51d",
    "mcc": "5651",
    "authorization_amount": "0.00",
    "multiple_matched_transaction_id": "10828101",
    "case_number": "3919900005",
    "deposit_control_number": "T00",
    "transaction_date": "2019-07-15",
    "etlbatchid": "20190101033327000",
    "created_by": "System",
    "foreign_domestic_ind": "D",
    "foreign_amount": "0.0",
    "terminal_capacity_ind": "0",
    "cardholder_id_method": "2",
    "transaction_amount": "89.00",
    "pos_entry_mode": "05",
    "orgnl_transaction_refrnc_nbr": "677001",
    "merchant_number": "453400412",
    "currency_code": "826",
    "transaction_identifier": "488364651123648",
    "authorization_code": "001256",
    "cash_back_amount": "0",
    "transaction_time": "18:04:00",
    "arn": "74830508365041272915501",
    "transaction_code": "06",
    "record_code": "0",
    "created_timestamp": "2019-07-18 16:04:35.036589",
    "card_number_sk": "1987401258",
    "card_number_rk": "465943XXXXXX4257",
    "batch_amount": "0.00",
    "global_token": "8277K50633850820"
  },
  {
    "currency_exponent": "2",
    "cryptogram_code": "6999C517D78F538B",
    "wwmaster_transaction_sk": "4d2bb08d-23cc-11e9-bf49-8bdd2be2f3e5",
    "issr_application_byte4to7_data": "03A00000",
    "mcc": "5811",
    "authorization_amount": "265.00",
    "multiple_matched_transaction_id": "10828102",
    "terminal_transaction_date": "2019-01-28",
    "trmnl_verification_result_code": "0000000000",
    "case_number": "3919900005",
    "deposit_control_number": "T17",
    "issuer_application_byte3_data": "0A",
    "transaction_date": "2019-07-15",
    "application_transaction_count": "0135",
    "etlbatchid": "20190129023801000",
    "transaction_type": "00",
    "issuer_application_byte2_data": "01",
    "created_by": "System",
    "foreign_domestic_ind": "D",
    "foreign_amount": "0.0",
    "application_intrchange_profile": "2000",
    "terminal_capacity_ind": "5",
    "terminal_country_code": "826",
    "cardholder_id_method": "0",
    "transaction_amount": "89.00",
    "pos_entry_mode": "07",
    "orgnl_transaction_refrnc_nbr": "00029677011",
    "merchant_number": "45340041256",
    "currency_code": "826",
    "cryptogram_unpredictable_nbr": "48833CB2",
    "transaction_identifier": "489028464334668",
    "authorization_code": "001256",
    "cash_back_amount": "0",
    "transaction_time": "12:53:00",
    "arn": "74830508365041272915501",
    "transaction_code": "06",
    "terminal_capability_profile": "E0B8C8",
    "record_code": "0",
    "created_timestamp": "2019-07-18 16:04:35.044583",
    "authorization_response_code": "00",
    "card_number_sk": "1796979617",
    "card_number_rk": "475144XXXXXX7203",
    "batch_amount": "0.00",
    "issuer_application_byte1_data": "06",
    "global_token": "8277K50633850820"
  }
]