[
  {
    "stage_config_id": "1",
    "card_brand_case_number": "0065515875",
    "network_reference_id": "102152576214597",
    "last_modified_timestamp": "2019-06-13 09:16:31.08964",
    "latest_stage_ind": "1",
    "created_timestamp": "2019-06-13 09:16:31.08964",
    "last_modified_by": "System",
    "dispute_source_id": "839",
    "dispute_reason_code": "01  ",
    "created_by": "System",
    "retreival_response_due_date": "2019-01-30",
    "dispute_stage_id": "1",
    "support_document_ind": "0",
    "case_number": "3916400023",
    "case_stage_id": "17976",
    "member_message_text": "2241987145917718,2242987192429434,1 transaction(s) were selected with Transaction Date(s) of   08/18/2012   and corresponding Amount(s) of   $14.00  .                                                                                                                                                                                                                                                                                                                                                                                                                                                                                                                                                                                                                                                                                                                                                                                                                                                                                 ",
    "case_received_date": "2019-04-09",
    "dispute_amount": "110.00",
    "queue_id": "8"
  },
  {
    "stage_config_id": "6",
    "card_brand_case_number": "0065515875",
    "network_reference_id": "102152576214597",
    "last_modified_timestamp": "2019-06-13 09:11:00.054263",
    "latest_stage_ind": "1",
    "created_timestamp": "2019-06-13 09:11:00.054263",
    "last_modified_by": "System",
    "dispute_source_id": "838",
    "dispute_reason_code": "01  ",
    "created_by": "System",
    "retreival_response_due_date": "2019-01-30",
    "dispute_stage_id": "2",
    "support_document_ind": "0",
    "case_number": "3916400022",
    "case_stage_id": "17975",
    "member_message_text": "2241987145917718,2242987192429434,1 transaction(s) were selected with Transaction Date(s) of   08/18/2012   and corresponding Amount(s) of   $14.00  .                                                                                                                                                                                                                                                                                                                                                                                                                                                                                                                                                                                                                                                                                                                                                                                                                                                                                 ",
    "case_received_date": "2019-04-09",
    "dispute_amount": "110.00",
    "queue_id": "8"
  }
]