{"caseDetail":{
  "caseNumber": "",
  "globalToken": "",
  "merchantToken": "",
  "acqReferenceNumber": "",
  "transactionAmount": "",
  "transactionDate": "",
  "authorizationCode": "",
  "transactionMasterId": "",
  "merchantHierarchyId": "",
  "foreignDomesticIndicator": "",
  "cardBrandCode": "",
  "cardBrandRegionCode": "",
  "merchantRegionCode": "",
  "acquirerBinIca": "",
  "issuerBinIca":"",
  "acquirerName": "",
  "lastModifiedBy": "",
  "lastModifiedTimestamp": "",
  "createdBy": "",
  "createdTimestamp": "2019-03-14T11:43:36.571+0000",
  "maskedCardNumber": null,
  "merchantName": null
},
"caseStageDetail": {
  "caseStageId": 17198,
  "caseNumber": 987656462,
  "disputeSourceId": 610,
  "matchedFailCaseId": 0,
  "disputeReasonCode": "AA  ",
  "nextInSequence": 1,
  "duplicateInd": null,
  "cardBrandCaseNumber": "0065515875",
  "cardBrandMerchantNumber": null,
  "retreivalResponseDueDate": "2019-01-30",
  "caseReceivedDate": null,
  "disputeCurrencyCode": null,
  "disputeAmount": 110,
  "merchantStripOffInd": null,
  "supportDocumentInd": "0",
  "queueId": 8,
  "stageConfigId": 1,
  "disputeStageId": 1,
  "disputeStageName": null,
  "statusId": 0,
  "lastModifiedBy": "System",
  "lastModifiedTimestamp": "2019-03-14T11:43:36.571+0000",
  "createdBy": "System",
  "createdTimestamp": "2019-03-14T11:43:36.571+0000",
  "caseStageName": null,
  "memberMessageText": null
},
"transactionDetail": {
  "transactionMasterId": 2226,
  "wwmasterTransactionSettledSk": "46ba6df0-0f3f-11e9-8173-ed46650cb904",
  "etlbatchid": 20190101033327000,
  "recordCode": "0",
  "acqReferenceNumber": "74830508365192199599249",
  "merchantNumber": "615377910000000",
  "originalTransactionReferenceNumber": "836569551813",
  "transactionAmount": 15,
  "transactionCode": "05",
  "transactionDate": "2019-01-09",
  "transactionTime": "15:50:00",
  "invoiceNumber": null,
  "foreignDomesticInd": "F",
  "authorizationSourceCode": null,
  "cardholderIdMethod": "1",
  "terminalEntryMode": null,
  "transactionIdentifier": "588365750435315",
  "currencyCode": "978",
  "mcc": "5309",
  "posEntryMode": "01",
  "currencyExponent": "2",
  "foreignAmount": 1900,
  "batchDate": null,
  "batchNumber": null,
  "batchAmount": 0,
  "recurringPayInd": null,
  "categoryInd": null,
  "securityProtocol": null,
  "cardAuthenticationInd": null,
  "universalCardholderAuthenticationFieldInd": null,
  "requestedPaymentServiceInd": null,
  "terminalTid": null,
  "motoEcInd": null,
  "terminalCapacityInd": "0",
  "authorizationResponseCode": null,
  "authorizationInd": null,
  "transactionType": null,
  "terminalTransactionDate": null,
  "terminalCapabilityProfile": null,
  "terminalCountryCode": null,
  "cryptogramCode": null,
  "terminalVerificationResultCode": null,
  "cryptogramUnpredictableNumber": null,
  "applicationTransactionCount": null,
  "applicationInterchangeProfile": null,
  "cryptogramInformation": null,
  "issuerApplicationByte1Data": null,
  "issuerApplicationByte2Data": null,
  "issuerApplicationByte3Data": null,
  "issuerApplicationByte4to7Data": null,
  "issuerApplicationByte8Data": null,
  "issuerApplicationByte9to16Data": null,
  "issuerApplicationByte17Data": null,
  "issuerApplicationByte18to32Data": null,
  "authorizationAmount": 0,
  "mcQuickPaymentServiceInd": null,
  "authorizationCode": "604302",
  "depositControlNumber": "T06",
  "cashBackAmount": 0,
  "auditId": 0,
  "remarks": null,
  "cardNumberSk": 2048357061,
  "merchantToken": "7003K48881896982",
  "cardNumberRk": "412116XXXXXX7923",
  "seqNumberToken": null,
  "globalToken": "7119K74149763377",
  "createdBy": "System",
  "createdTimestamp": "2019-03-14"
}
}