[
  {
    "column_key": "acquirerBinIca",
    "column_tooltip_description": "Acquirer BIN ICA",
    "grid_column_element_id": "acquirer_bin_ica",
    "is_column_default_ind": "0",
    "is_sortable_ind": "1",
    "column_element_display_order": "18",
    "column_label_name": "Acquirer BIN ICA",
    "column_display_type": "STRING",
    "is_summary_ind": "0",
    "created_by": "System"
  },
  {
    "column_key": "acquirerReferenceNumber",
    "column_tooltip_description": "ARN Number",
    "grid_column_element_id": "arn_number",
    "is_column_default_ind": "1",
    "is_sortable_ind": "1",
    "column_element_display_order": "3",
    "column_label_name": "ARN Number",
    "column_display_type": "STRING",
    "is_summary_ind": "0",
    "created_by": "System"
  },
  {
    "column_key": "authCode",
    "column_tooltip_description": "Approval Code",
    "grid_column_element_id": "auth_code",
    "is_column_default_ind": "0",
    "is_sortable_ind": "1",
    "column_element_display_order": "7",
    "column_label_name": "Approval Code",
    "column_display_type": "STRING",
    "is_summary_ind": "0",
    "created_by": "System"
  },
  {
    "column_key": "cardBrandCaseNumber",
    "column_tooltip_description": "Scheme Case Number",
    "grid_column_element_id": "card_brand_case_number",
    "is_column_default_ind": "0",
    "is_sortable_ind": "1",
    "column_element_display_order": "17",
    "column_label_name": "Scheme Case Number",
    "column_display_type": "STRING",
    "is_summary_ind": "0",
    "created_by": "System"
  },
  {
    "column_key": "cardBrandName",
    "column_tooltip_description": "Method of Payment",
    "grid_column_element_id": "card_brand_code_desc",
    "is_column_default_ind": "0",
    "is_sortable_ind": "1",
    "column_element_display_order": "10",
    "column_label_name": "Method of Payment",
    "column_display_type": "STRING",
    "is_summary_ind": "0",
    "created_by": "System"
  },
  {
    "column_key": "caseNumber",
    "column_tooltip_description": "Case Number",
    "grid_column_element_id": "case_number",
    "is_column_default_ind": "1",
    "is_sortable_ind": "1",
    "column_element_display_order": "1",
    "column_label_name": "Case Number",
    "column_display_type": "STRING",
    "is_summary_ind": "0",
    "created_by": "System"
  },
  {
    "column_key": "caseReceivedDate",
    "column_tooltip_description": "Case Received Date",
    "grid_column_element_id": "case_received_date",
    "is_column_default_ind": "0",
    "is_sortable_ind": "1",
    "column_element_display_order": "13",
    "column_label_name": "Case Received Date",
    "column_display_type": "DATE",
    "is_summary_ind": "0",
    "created_by": "System"
  },
  {
    "column_key": "disputeAmount",
    "column_tooltip_description": "Dispute Amount",
    "grid_column_element_id": "dispute_amount",
    "is_column_default_ind": "1",
    "is_sortable_ind": "1",
    "column_element_display_order": "5",
    "column_label_name": "Dispute Amount",
    "column_display_type": "CURRENCY",
    "is_summary_ind": "0",
    "created_by": "System"
  },
  {
    "column_key": "disputeReasonCode",
    "column_tooltip_description": "Reason Code",
    "grid_column_element_id": "dispute_reason_code",
    "is_column_default_ind": "0",
    "is_sortable_ind": "1",
    "column_element_display_order": "8",
    "column_label_name": "Reason Code",
    "column_display_type": "RC",
    "is_summary_ind": "0",
    "created_by": "System"
  },
  {
    "column_key": "disputeStageName",
    "column_tooltip_description": "Case Type",
    "grid_column_element_id": "dispute_stage_name",
    "is_column_default_ind": "0",
    "is_sortable_ind": "1",
    "column_element_display_order": "9",
    "column_label_name": "Case Type",
    "column_display_type": "STRING",
    "is_summary_ind": "0",
    "created_by": "System"
  },
  {
    "column_key": "discoverNetworkReferenceId",
    "column_tooltip_description": "Discover Network Reference ID",
    "grid_column_element_id": "di_network_ref_id",
    "is_column_default_ind": "0",
    "is_sortable_ind": "1",
    "column_element_display_order": "20",
    "column_label_name": "Discover Network Reference ID",
    "column_display_type": "STRING",
    "is_summary_ind": "0",
    "created_by": "System"
  },
  {
    "column_key": "dueDate",
    "column_tooltip_description": "Due Date",
    "grid_column_element_id": "due_date",
    "is_column_default_ind": "1",
    "is_sortable_ind": "1",
    "column_element_display_order": "2",
    "column_label_name": "Due Date",
    "column_display_type": "DUEDATE",
    "is_summary_ind": "0",
    "created_by": "System"
  },
  {
    "column_key": "globalToken",
    "column_tooltip_description": "",
    "grid_column_element_id": "global_token",
    "is_column_default_ind": "0",
    "is_sortable_ind": "1",
    "column_element_display_order": "21",
    "column_label_name": "Global Token",
    "column_display_type": "STRING",
    "is_summary_ind": "0",
    "created_by": "System"
  },
  {
    "column_key": "issuerBinIca",
    "column_tooltip_description": "Issuer BIN ICA",
    "grid_column_element_id": "issuer_bin_ica",
    "is_column_default_ind": "0",
    "is_sortable_ind": "1",
    "column_element_display_order": "11",
    "column_label_name": "Issuer BIN ICA",
    "column_display_type": "STRING",
    "is_summary_ind": "0",
    "created_by": "System"
  },
  {
    "column_key": "maskedCardNumber",
    "column_tooltip_description": "Account Number",
    "grid_column_element_id": "masked_card_number",
    "is_column_default_ind": "1",
    "is_sortable_ind": "1",
    "column_element_display_order": "4",
    "column_label_name": "Account Number",
    "column_display_type": "ACCOUNTNUMBER",
    "is_summary_ind": "0",
    "created_by": "System"
  },
  {
    "column_key": "memberMessageText",
    "column_tooltip_description": "Member Message Text",
    "grid_column_element_id": "member_message_text",
    "is_column_default_ind": "0",
    "is_sortable_ind": "1",
    "column_element_display_order": "16",
    "column_label_name": "Member Message Text",
    "column_display_type": "STRING",
    "is_summary_ind": "0",
    "created_by": "System"
  },
  {
    "column_key": "merchantName",
    "column_tooltip_description": "Merchant Name",
    "grid_column_element_id": "merchant_name",
    "is_column_default_ind": "0",
    "is_sortable_ind": "1",
    "column_element_display_order": "19",
    "column_label_name": "Merchant Name",
    "column_display_type": "STRING",
    "is_summary_ind": "0",
    "created_by": "System"
  },
  {
    "column_key": "posEntryMode",
    "column_tooltip_description": "POS Entry",
    "grid_column_element_id": "pos_entry_mode",
    "is_column_default_ind": "0",
    "is_sortable_ind": "1",
    "column_element_display_order": "15",
    "column_label_name": "POS Entry",
    "column_display_type": "TEXT",
    "is_summary_ind": "0",
    "created_by": "System"
  },
  {
    "column_key": "retreivalResponseDueDate",
    "column_tooltip_description": "Retrieval Response Due Date",
    "grid_column_element_id": "retrieval_resp_due_date",
    "is_column_default_ind": "0",
    "is_sortable_ind": "1",
    "column_element_display_order": "12",
    "column_label_name": "Retrieval Response Due Date",
    "column_display_type": "DATE",
    "is_summary_ind": "0",
    "created_by": "System"
  },
  {
    "column_key": "supportDocumentInd",
    "column_tooltip_description": "Support Document Indicator",
    "grid_column_element_id": "support_doc_ind",
    "is_column_default_ind": "0",
    "is_sortable_ind": "1",
    "column_element_display_order": "14",
    "column_label_name": "Support Document Indicator",
    "column_display_type": "INDICATOR",
    "is_summary_ind": "0",
    "created_by": "System"
  },
  {
    "column_key": "transactionDate",
    "column_tooltip_description": "Transaction Date",
    "grid_column_element_id": "tran_date",
    "is_column_default_ind": "1",
    "is_sortable_ind": "1",
    "column_element_display_order": "6",
    "column_label_name": "Transaction Date",
    "column_display_type": "DATE",
    "is_summary_ind": "0",
    "created_by": "System"
  }
]