[
  {
    "tranId": "               ",
    "authSource": " ",
    "ucafInd": "   ",
    "cavvResults": " ",
    "referenceAuthorizationId": "126",
    "authTime": "00:01:00.000",
    "terminalId": "019000163754006     ",
    "payServiceInd": " ",
    "associate": "001",
    "authDesc": "          ",
    "principal": "002",
    "xid": "                    ",
    "catInd": " ",
    "authDate": "2018-12-01",
    "chain": "000",
    "authCode": "123456",
    "hierarchy": "01919002001000",
    "avsCode": " ",
    "cardHolderNumberMask": "472452XXXXXX6391",
    "authAmount": "445.0",
    "globalToken": "3380K42241758024",
    "merchantNumber": "19000078753",
    "cvv2Results": " ",
    "etlBatchId": "20190213",
    "corporate": "019",
    "posEntryMode": "05",
    "tranCode": "05",
    "region": "19",
    "currencyCode": "446",
    "authVendor": "NDC",
    "issuerResponseCode": "01"
  }
]