{
  "referenceAuthorizationId": "",
  "etlBatchId": "",
  "hierarchy": "",
  "corporate": "",
  "region": "",
  "principal": "",
  "associate": "",
  "chain": "",
  "cardHolderNumberMask": "",
  "merchantNumber": "",
  "authAmount": "",
  "tranCode": "",
  "tranDesc": null,
  "authDate": "",
  "authTime": "",
  "authCode": "",
  "authSource": "",
  "tranId": "",
  "posEntryMode": "02",
  "posEntryModeDesc": null,
  "authDesc": "",
  "authVendor": "",
  "expiryDate": null,
  "payServiceInd": "",
  "issuerResponseCode": "",
  "avsCode": "",
  "cvv2Results": "",
  "xid": "",
  "cavvResults": " ",
  "catInd": " ",
  "ucafInd": "   ",
  "terminalId": "",
  "currencyCode": "",
  "globalToken": "",
  "merchantToken": null,
  "cardNumberRk": null,
  "cardNumberSk": null
}
