[
  {
    "transaction_date": "2019-07-09",
    "acquirer_reference_number": "76504009198320111141145",
    "acquirer_bin_ica": "650400",
    "status_name": "Closed",
    "transaction_amount": "96.96",
    "merchant_name": "INVISIBLE FENCE OF WES  ",
    "masked_card_number": "601130xxxxxx1248",
    "dispute_reason_code": "LP  ",
    "merchant_region_code": "NA",
    "merchant_number": "601101331610707",
    "card_brand_code": "DI",
    "global_token": "5940K20854668458",
    "transaction_time": "13:56:22",
    "case_number": "3930500001",
    "issuer_bin_ica": "601130",
    "case_stage_id": "4252",
    "dispute_amount": "96.96",
    "dispute_stage_name": "Chargeback"
  },
  {
    "transaction_date": "2019-01-09",
    "acquirer_reference_number": "55504529223192111830484",
    "acquirer_bin_ica": "550452",
    "status_name": "Closed",
    "transaction_amount": "110.00",
    "merchant_name": "BITWISE  CORPORATION    ",
    "masked_card_number": "449904xxxxxx8587",
    "dispute_reason_code": "UA01",
    "merchant_region_code": "UK",
    "merchant_number": "32648271",
    "card_brand_code": "DI",
    "global_token": "8766A23007334661",
    "transaction_time": "07:13:52",
    "case_number": "3930500002",
    "issuer_bin_ica": "449904",
    "case_stage_id": "2",
    "dispute_amount": "210.00",
    "dispute_stage_name": "Retrieval Request"
  },
  {
    "transaction_date": "2019-07-09",
    "acquirer_reference_number": "76504009198320111141020",
    "acquirer_bin_ica": "650400",
    "transaction_amount": "2.72",
    "merchant_name": "PARKVIEW CAFE           ",
    "masked_card_number": "601130xxxxxx1248",
    "dispute_reason_code": "LP  ",
    "merchant_region_code": "NA",
    "merchant_number": "601101334648753",
    "card_brand_code": "DI",
    "global_token": "5940K20854668458",
    "transaction_time": "13:53:27",
    "case_number": "3930500003",
    "issuer_bin_ica": "601130",
    "case_stage_id": "3",
    "dispute_amount": "2.72",
    "dispute_stage_name": "Incoming Arbitration"
  },
  {
    "transaction_date": "2019-01-09",
    "acquirer_reference_number": "76504009186320143809663",
    "acquirer_bin_ica": "650400",
    "transaction_amount": "110.00",
    "merchant_name": "BITWISE  CORPORATION    ",
    "masked_card_number": "601849xxxxxx5245",
    "dispute_reason_code": "AA  ",
    "card_brand_code": "DI",
    "global_token": "3985W60441860397",
    "transaction_time": "07:13:52",
    "case_number": "3930500004",
    "issuer_bin_ica": "601849",
    "case_stage_id": "4",
    "dispute_amount": "210.00",
    "dispute_stage_name": "Chargeback"
  },
  {
    "transaction_date": "2019-07-09",
    "acquirer_reference_number": "76504009198320111140824",
    "acquirer_bin_ica": "650400",
    "status_name": "Closed",
    "transaction_amount": "540.00",
    "merchant_name": "DIENNET INSTITTUTE      ",
    "masked_card_number": "601179xxxxxx1240",
    "dispute_reason_code": "AT  ",
    "merchant_region_code": "NA",
    "merchant_number": "601101323366318",
    "card_brand_code": "DI",
    "global_token": "8875K99279782993",
    "transaction_time": "20:21:27",
    "case_number": "3930500005",
    "issuer_bin_ica": "601179",
    "case_stage_id": "47638",
    "dispute_amount": "539.50",
    "dispute_stage_name": "Incoming Pre-Arbitration"
  },
  {
    "transaction_date": "2019-07-09",
    "acquirer_reference_number": "76504009198320111140931",
    "acquirer_bin_ica": "650400",
    "transaction_amount": "1200.00",
    "merchant_name": "LOW\u0027S WEDDING CENTER    ",
    "masked_card_number": "601179xxxxxx1240",
    "dispute_reason_code": "RM  ",
    "merchant_region_code": "NA",
    "merchant_number": "601101027352440",
    "card_brand_code": "DI",
    "global_token": "8875K99279782993",
    "transaction_time": "21:17:36",
    "case_number": "3930500006",
    "issuer_bin_ica": "601179",
    "case_stage_id": "6",
    "dispute_amount": "1200.00",
    "dispute_stage_name": "Chargeback"
  },
  {
    "transaction_date": "2019-07-09",
    "acquirer_reference_number": "76504009197320111141039",
    "acquirer_bin_ica": "650400",
    "status_name": "Closed",
    "transaction_amount": "391.16",
    "merchant_name": "WILSON LODGE            ",
    "masked_card_number": "601130xxxxxx1248",
    "dispute_reason_code": "CD  ",
    "merchant_region_code": "NA",
    "merchant_number": "601101385489016",
    "card_brand_code": "DI",
    "global_token": "5940K20854668458",
    "transaction_time": "10:49:59",
    "case_number": "3930800001",
    "issuer_bin_ica": "601130",
    "case_stage_id": "3135",
    "dispute_amount": "391.16",
    "dispute_stage_name": "Chargeback"
  },
  {
    "transaction_date": "2019-07-09",
    "acquirer_reference_number": "76504009197320111141039",
    "acquirer_bin_ica": "650400",
    "transaction_amount": "391.16",
    "merchant_name": "WILSON LODGE            ",
    "masked_card_number": "601130xxxxxx1248",
    "dispute_reason_code": "UA02",
    "merchant_region_code": "NA",
    "merchant_number": "601101385489016",
    "card_brand_code": "DI",
    "global_token": "5940K20854668458",
    "transaction_time": "10:49:59",
    "case_number": "3930800002",
    "issuer_bin_ica": "601130",
    "case_stage_id": "8",
    "dispute_amount": "391.16",
    "dispute_stage_name": "Incoming Pre-Arbitration"
  },
  {
    "transaction_date": "2019-07-09",
    "acquirer_reference_number": "76504009197320111141807",
    "acquirer_bin_ica": "650400",
    "status_name": "Open",
    "transaction_amount": "34.40",
    "merchant_name": "BAHA\u0027I DISTRIBUTION SV  ",
    "masked_card_number": "601130xxxxxx1248",
    "dispute_reason_code": "01  ",
    "card_brand_code": "DI",
    "global_token": "5940K20854668458",
    "transaction_time": "10:16:14",
    "case_number": "3930900001",
    "issuer_bin_ica": "601130",
    "case_stage_id": "446",
    "dispute_amount": "34.40",
    "dispute_stage_name": "Retrieval Request"
  },
  {
    "transaction_date": "2019-07-09",
    "acquirer_reference_number": "76504009197320111141575",
    "acquirer_bin_ica": "650400",
    "status_name": "Open",
    "transaction_amount": "3.32",
    "merchant_name": "PARKVIEW CAFE           ",
    "masked_card_number": "653950xxxxxx1236",
    "dispute_reason_code": "03  ",
    "card_brand_code": "DI",
    "global_token": "7946K72879769365",
    "transaction_time": "08:12:14",
    "case_number": "3930900002",
    "issuer_bin_ica": "653950",
    "case_stage_id": "554",
    "dispute_amount": "3.32",
    "dispute_stage_name": "Retrieval Request"
  },
  {
    "transaction_date": "2019-07-09",
    "acquirer_reference_number": "76504009197320111140833",
    "acquirer_bin_ica": "650400",
    "status_name": "Open",
    "transaction_amount": "57.75",
    "merchant_name": "COCOLAMUS CREEK DISPOS  ",
    "masked_card_number": "601174xxxxxx1245",
    "dispute_reason_code": "01  ",
    "merchant_region_code": "NA",
    "merchant_number": "601101315549152",
    "card_brand_code": "DI",
    "global_token": "7412K94134138052",
    "transaction_time": "10:33:35",
    "case_number": "3930900003",
    "issuer_bin_ica": "601174",
    "case_stage_id": "636",
    "dispute_amount": "57.75",
    "dispute_stage_name": "Retrieval Request"
  },
  {
    "transaction_date": "2019-07-08",
    "acquirer_reference_number": "76504009197320111141831",
    "acquirer_bin_ica": "650400",
    "status_name": "Closed",
    "transaction_amount": "19.60",
    "merchant_name": "THE HOTEL AT FIFTHAVEN  ",
    "masked_card_number": "601194xxxxxx0001",
    "dispute_reason_code": "CD  ",
    "card_brand_code": "DI",
    "global_token": "5965K53701430142",
    "transaction_time": "21:37:12",
    "case_number": "3930900004",
    "issuer_bin_ica": "601194",
    "case_stage_id": "4032",
    "dispute_amount": "19.60",
    "dispute_stage_name": "Chargeback"
  },
  {
    "transaction_date": "2019-07-09",
    "acquirer_reference_number": "76504009197320111141955",
    "acquirer_bin_ica": "650400",
    "status_name": "Closed",
    "transaction_amount": "47.52",
    "merchant_name": "BUFFALO\u0027S SW CAFE       ",
    "masked_card_number": "601174xxxxxx1245",
    "dispute_reason_code": "CD  ",
    "merchant_region_code": "NA",
    "merchant_number": "601101329280596",
    "card_brand_code": "DI",
    "global_token": "7412K94134138052",
    "transaction_time": "20:06:37",
    "case_number": "3930900005",
    "issuer_bin_ica": "601174",
    "case_stage_id": "4254",
    "dispute_amount": "47.52",
    "dispute_stage_name": "Chargeback"
  },
  {
    "transaction_date": "2019-07-08",
    "acquirer_reference_number": "76504009197320111142029",
    "acquirer_bin_ica": "650400",
    "status_name": "Open",
    "transaction_amount": "281.37",
    "merchant_name": "KAISER REALTY           ",
    "masked_card_number": "601174xxxxxx1245",
    "dispute_reason_code": "AW  ",
    "merchant_region_code": "NA",
    "merchant_number": "601101352367260",
    "card_brand_code": "DI",
    "global_token": "7412K94134138052",
    "transaction_time": "13:40:47",
    "case_number": "3930900006",
    "issuer_bin_ica": "601174",
    "case_stage_id": "3687",
    "dispute_amount": "281.37",
    "dispute_stage_name": "Chargeback"
  },
  {
    "transaction_date": "2019-07-09",
    "acquirer_reference_number": "76504009197320111140817",
    "acquirer_bin_ica": "650400",
    "transaction_amount": "58.50",
    "merchant_name": "COCOLAMUS CREEK DISPOS  ",
    "masked_card_number": "601109xxxxxx1245",
    "dispute_reason_code": "CD  ",
    "card_brand_code": "DI",
    "global_token": "3804K10935132859",
    "transaction_time": "15:03:31",
    "case_number": "3930900007",
    "issuer_bin_ica": "601109",
    "case_stage_id": "1168",
    "dispute_amount": "58.50",
    "dispute_stage_name": "Chargeback"
  },
  {
    "transaction_date": "2019-07-09",
    "acquirer_reference_number": "76504009197320111141062",
    "acquirer_bin_ica": "650400",
    "transaction_amount": "231.75",
    "merchant_name": "WILSON LODGE            ",
    "masked_card_number": "601194xxxxxx0001",
    "dispute_reason_code": "AW  ",
    "card_brand_code": "DI",
    "global_token": "5965K53701430142",
    "transaction_time": "12:26:59",
    "case_number": "3930900008",
    "issuer_bin_ica": "601194",
    "case_stage_id": "1169",
    "dispute_amount": "231.75",
    "dispute_stage_name": "Chargeback"
  },
  {
    "transaction_date": "2019-07-09",
    "acquirer_reference_number": "76504009197320111142086",
    "acquirer_bin_ica": "650400",
    "status_name": "Closed",
    "transaction_amount": "96.96",
    "merchant_name": "INVISIBLE FENCE OF WES  ",
    "masked_card_number": "601130xxxxxx1248",
    "dispute_reason_code": "AW  ",
    "merchant_region_code": "NA",
    "merchant_number": "601101336670672",
    "card_brand_code": "DI",
    "global_token": "5940K20854668458",
    "transaction_time": "13:56:22",
    "case_number": "3930900009",
    "issuer_bin_ica": "601130",
    "case_stage_id": "1678",
    "dispute_amount": "96.96",
    "dispute_stage_name": "Chargeback"
  },
  {
    "transaction_date": "2019-07-09",
    "acquirer_reference_number": "76504009197320111141492",
    "acquirer_bin_ica": "650400",
    "status_name": "Open",
    "transaction_amount": "59.20",
    "merchant_name": "ROOSTER\u0027S STEAK HOUSE   ",
    "masked_card_number": "649999xxxxxx1237",
    "dispute_reason_code": "AW  ",
    "merchant_region_code": "NA",
    "merchant_number": "601101353458480",
    "card_brand_code": "DI",
    "global_token": "8364K85883197201",
    "transaction_time": "22:53:15",
    "case_number": "3930900010",
    "issuer_bin_ica": "649999",
    "case_stage_id": "1448",
    "dispute_amount": "59.20",
    "dispute_stage_name": "Incoming Pre-Arbitration"
  },
  {
    "transaction_date": "2019-07-09",
    "acquirer_reference_number": "76504009197320111141104",
    "acquirer_bin_ica": "650400",
    "transaction_amount": "123.36",
    "merchant_name": "WILSON LODGE            ",
    "masked_card_number": "601130xxxxxx1248",
    "dispute_reason_code": "03  ",
    "card_brand_code": "DI",
    "global_token": "5940K20854668458",
    "transaction_time": "05:58:59",
    "case_number": "3930900011",
    "issuer_bin_ica": "601130",
    "case_stage_id": "1436",
    "dispute_amount": "123.36",
    "dispute_stage_name": "Retrieval Request"
  },
  {
    "transaction_date": "2019-07-09",
    "acquirer_reference_number": "76504009197320111141492",
    "acquirer_bin_ica": "650400",
    "transaction_amount": "59.20",
    "merchant_name": "ROOSTER\u0027S STEAK HOUSE   ",
    "masked_card_number": "649999xxxxxx1237",
    "dispute_reason_code": "AW  ",
    "card_brand_code": "DI",
    "global_token": "8364K85883197201",
    "transaction_time": "22:53:15",
    "case_number": "3930900012",
    "issuer_bin_ica": "649999",
    "case_stage_id": "1446",
    "dispute_amount": "59.20",
    "dispute_stage_name": "Incoming Pre-Arbitration"
  },
  {
    "transaction_date": "2019-07-09",
    "acquirer_reference_number": "76504009197320111141492",
    "acquirer_bin_ica": "650400",
    "transaction_amount": "59.20",
    "merchant_name": "ROOSTER\u0027S STEAK HOUSE   ",
    "masked_card_number": "649999xxxxxx1237",
    "dispute_reason_code": "AW  ",
    "card_brand_code": "DI",
    "global_token": "8364K85883197201",
    "transaction_time": "22:53:15",
    "case_number": "3930900013",
    "issuer_bin_ica": "649999",
    "case_stage_id": "1447",
    "dispute_amount": "59.20",
    "dispute_stage_name": "Incoming Pre-Arbitration"
  },
  {
    "transaction_date": "2019-07-09",
    "acquirer_reference_number": "76504009197320111141989",
    "acquirer_bin_ica": "650400",
    "status_name": "Open",
    "transaction_amount": "29.00",
    "merchant_name": "GLASGOW PLAZA THEATRE   ",
    "masked_card_number": "649999xxxxxx1237",
    "dispute_reason_code": "AW  ",
    "merchant_region_code": "NA",
    "merchant_number": "601101336670672",
    "card_brand_code": "DI",
    "global_token": "8364K85883197201",
    "transaction_time": "18:46:57",
    "case_number": "3930900014",
    "issuer_bin_ica": "649999",
    "case_stage_id": "4250",
    "dispute_amount": "290.00",
    "dispute_stage_name": "Chargeback"
  },
  {
    "transaction_date": "2019-07-09",
    "acquirer_reference_number": "76504009197320111141237",
    "acquirer_bin_ica": "650400",
    "transaction_amount": "10.81",
    "merchant_name": "WILSON LODGE            ",
    "masked_card_number": "601109xxxxxx1245",
    "dispute_reason_code": "UA02",
    "card_brand_code": "DI",
    "global_token": "3804K10935132859",
    "transaction_time": "16:01:12",
    "case_number": "3930900015",
    "issuer_bin_ica": "601109",
    "case_stage_id": "1452",
    "dispute_amount": "10.81",
    "dispute_stage_name": "Chargeback"
  },
  {
    "transaction_date": "2019-07-08",
    "acquirer_reference_number": "76504009197320111141997",
    "acquirer_bin_ica": "650400",
    "status_name": "Open",
    "transaction_amount": "21.52",
    "merchant_name": "CICI\u0027S PIZZA (#627)Q55  ",
    "masked_card_number": "653950xxxxxx1236",
    "dispute_reason_code": "AW  ",
    "card_brand_code": "DI",
    "global_token": "7946K72879769365",
    "transaction_time": "17:19:45",
    "case_number": "3930900016",
    "issuer_bin_ica": "653950",
    "case_stage_id": "3854",
    "dispute_amount": "21.52",
    "dispute_stage_name": "Chargeback"
  },
  {
    "transaction_date": "2019-07-09",
    "acquirer_reference_number": "76504009197320111141054",
    "acquirer_bin_ica": "650400",
    "transaction_amount": "800.00",
    "merchant_name": "WILSON LODGE            ",
    "masked_card_number": "601179xxxxxx1240",
    "dispute_reason_code": "04  ",
    "card_brand_code": "DI",
    "global_token": "8875K99279782993",
    "transaction_time": "10:09:59",
    "case_number": "3930900017",
    "issuer_bin_ica": "601179",
    "case_stage_id": "1454",
    "dispute_amount": "800.00",
    "dispute_stage_name": "Retrieval Request"
  }
]